{
  "dataset_revision": "0fd18e25b25c072e09e0d92ab615fda904d66300",
  "mteb_dataset_name": "Banking77Classification",
  "mteb_version": "1.1.0",
  "test": {
    "accuracy": 0.012337662337662338,
    "accuracy_stderr": 0.0024122306001307416,
    "evaluation_time": 14.36,
    "f1": 0.012053652220139214,
    "f1_stderr": 0.0024893052603108205,
    "main_score": 0.012337662337662338
  }
}